{
  "factorize_dna_w_rc": {
    "sizes": [
      2000
    ],
    "results": [
      {
        "mean_time": 0.05620849299998554,
        "std_time": 0,
        "min_time": 0.05620849299998554,
        "max_time": 0.05620849299998554,
        "mean_memory_mb": 0.0450592041015625,
        "max_memory_mb": 0.0450592041015625,
        "mean_result": 404,
        "all_times": [
          0.05620849299998554
        ],
        "all_memories": [
          47248
        ],
        "input_size": 2000
      }
    ]
  },
  "count_factors_dna_w_rc": {
    "sizes": [
      2000
    ],
    "results": [
      {
        "mean_time": 0.056407363000062105,
        "std_time": 0,
        "min_time": 0.056407363000062105,
        "max_time": 0.056407363000062105,
        "mean_memory_mb": 2.6702880859375e-05,
        "max_memory_mb": 2.6702880859375e-05,
        "mean_result": 403,
        "all_times": [
          0.056407363000062105
        ],
        "all_memories": [
          28
        ],
        "input_size": 2000
      }
    ]
  },
  "factorize_file_dna_w_rc": {
    "sizes": [
      2000
    ],
    "results": [
      {
        "mean_time": 0.051196880000134115,
        "std_time": 0,
        "min_time": 0.051196880000134115,
        "max_time": 0.051196880000134115,
        "mean_memory_mb": 0.016803741455078125,
        "max_memory_mb": 0.016803741455078125,
        "mean_result": 400,
        "all_times": [
          0.051196880000134115
        ],
        "all_memories": [
          17620
        ],
        "input_size": 2000
      }
    ]
  },
  "count_factors_file_dna_w_rc": {
    "sizes": [
      2000
    ],
    "results": [
      {
        "mean_time": 0.056261531000018294,
        "std_time": 0,
        "min_time": 0.056261531000018294,
        "max_time": 0.056261531000018294,
        "mean_memory_mb": 2.6702880859375e-05,
        "max_memory_mb": 2.6702880859375e-05,
        "mean_result": 405,
        "all_times": [
          0.056261531000018294
        ],
        "all_memories": [
          28
        ],
        "input_size": 2000
      }
    ]
  },
  "write_factors_binary_file_dna_w_rc": {
    "sizes": [
      2000
    ],
    "results": [
      {
        "mean_time": 0.049713569999994434,
        "std_time": 0,
        "min_time": 0.049713569999994434,
        "max_time": 0.049713569999994434,
        "mean_memory_mb": 2.6702880859375e-05,
        "max_memory_mb": 2.6702880859375e-05,
        "mean_file_size_mb": 0.009102821350097656,
        "all_times": [
          0.049713569999994434
        ],
        "all_memories": [
          28
        ],
        "all_file_sizes": [
          9545
        ],
        "input_size": 2000
      }
    ]
  }
}