{
  "factorize": {
    "sizes": [
      2000
    ],
    "results": [
      {
        "mean_time": 0.057008191000022634,
        "std_time": 0,
        "min_time": 0.057008191000022634,
        "max_time": 0.057008191000022634,
        "mean_memory_mb": 0.045257568359375,
        "max_memory_mb": 0.045257568359375,
        "mean_result": 448,
        "all_times": [
          0.057008191000022634
        ],
        "all_memories": [
          47456
        ],
        "input_size": 2000
      }
    ]
  },
  "count_factors": {
    "sizes": [
      2000
    ],
    "results": [
      {
        "mean_time": 0.053430695000088235,
        "std_time": 0,
        "min_time": 0.053430695000088235,
        "max_time": 0.053430695000088235,
        "mean_memory_mb": 2.6702880859375e-05,
        "max_memory_mb": 2.6702880859375e-05,
        "mean_result": 447,
        "all_times": [
          0.053430695000088235
        ],
        "all_memories": [
          28
        ],
        "input_size": 2000
      }
    ]
  },
  "factorize_file": {
    "sizes": [
      2000
    ],
    "results": [
      {
        "mean_time": 0.05944457300006434,
        "std_time": 0,
        "min_time": 0.05944457300006434,
        "max_time": 0.05944457300006434,
        "mean_memory_mb": 0.01816558837890625,
        "max_memory_mb": 0.01816558837890625,
        "mean_result": 447,
        "all_times": [
          0.05944457300006434
        ],
        "all_memories": [
          19048
        ],
        "input_size": 2000
      }
    ]
  },
  "count_factors_file": {
    "sizes": [
      2000
    ],
    "results": [
      {
        "mean_time": 0.06680606899999475,
        "std_time": 0,
        "min_time": 0.06680606899999475,
        "max_time": 0.06680606899999475,
        "mean_memory_mb": 2.6702880859375e-05,
        "max_memory_mb": 2.6702880859375e-05,
        "mean_result": 442,
        "all_times": [
          0.06680606899999475
        ],
        "all_memories": [
          28
        ],
        "input_size": 2000
      }
    ]
  },
  "write_factors_binary_file": {
    "sizes": [
      2000
    ],
    "results": [
      {
        "mean_time": 0.05686763899984726,
        "std_time": 0,
        "min_time": 0.05686763899984726,
        "max_time": 0.05686763899984726,
        "mean_memory_mb": 2.6702880859375e-05,
        "max_memory_mb": 2.6702880859375e-05,
        "mean_file_size_mb": 0.01033782958984375,
        "all_times": [
          0.05686763899984726
        ],
        "all_memories": [
          28
        ],
        "all_file_sizes": [
          10840
        ],
        "input_size": 2000
      }
    ]
  }
}