{
  "factorize_fasta_multiple_dna_w_rc_time": {
    "slope": 0.9895879947448586,
    "intercept": -1.521064583475614,
    "r_squared": 0.9978885678575004,
    "p_value": 2.943917098570757e-09,
    "std_err": 0.01858344957001312,
    "log_scale": true,
    "equation": "log10(y) = 0.990 * log10(x) + -1.521",
    "power_law": "y = 3.013e-02 * x^0.990"
  },
  "factorize_fasta_multiple_dna_no_rc_time": {
    "slope": 1.0055605673043713,
    "intercept": -1.5620623874476465,
    "r_squared": 0.9982368133173616,
    "p_value": 1.7140846863856558e-09,
    "std_err": 0.017253013679252718,
    "log_scale": true,
    "equation": "log10(y) = 1.006 * log10(x) + -1.562",
    "power_law": "y = 2.741e-02 * x^1.006"
  },
  "write_factors_binary_file_fasta_multiple_dna_w_rc_time": {
    "slope": 0.9859387477092763,
    "intercept": -1.5251602527277002,
    "r_squared": 0.9987451626654863,
    "p_value": 6.177557344812864e-10,
    "std_err": 0.01426726345988609,
    "log_scale": true,
    "equation": "log10(y) = 0.986 * log10(x) + -1.525",
    "power_law": "y = 2.984e-02 * x^0.986"
  },
  "write_factors_binary_file_fasta_multiple_dna_no_rc_time": {
    "slope": 1.000701527809049,
    "intercept": -1.5326014122254357,
    "r_squared": 0.9990905998909494,
    "p_value": 2.3510571620568287e-10,
    "std_err": 0.012325484565614199,
    "log_scale": true,
    "equation": "log10(y) = 1.001 * log10(x) + -1.533",
    "power_law": "y = 2.934e-02 * x^1.001"
  },
  "factorize_fasta_multiple_dna_w_rc_memory": {
    "slope": 0.9809260423393806,
    "intercept": -4.745339921926056,
    "r_squared": 0.9985016091163373,
    "p_value": 1.0518881618351505e-09,
    "std_err": 0.015513107998806529,
    "log_scale": true,
    "equation": "log10(y) = 0.981 * log10(x) + -4.745",
    "power_law": "y = 1.797e-05 * x^0.981"
  },
  "factorize_fasta_multiple_dna_no_rc_memory": {
    "slope": 1.086240049348192,
    "intercept": -5.271593726523853,
    "r_squared": 0.9962162919240933,
    "p_value": 1.6951965807064884e-08,
    "std_err": 0.027329530878273233,
    "log_scale": true,
    "equation": "log10(y) = 1.086 * log10(x) + -5.272",
    "power_law": "y = 5.351e-06 * x^1.086"
  },
  "write_factors_binary_file_fasta_multiple_dna_w_rc_memory": {
    "slope": 0.0,
    "intercept": -4.573441881937405,
    "r_squared": NaN,
    "p_value": NaN,
    "std_err": NaN,
    "log_scale": true,
    "equation": "log10(y) = 0.000 * log10(x) + -4.573",
    "power_law": "y = 2.670e-05 * x^0.000"
  },
  "write_factors_binary_file_fasta_multiple_dna_no_rc_memory": {
    "slope": 0.0,
    "intercept": -4.573441881937405,
    "r_squared": NaN,
    "p_value": NaN,
    "std_err": NaN,
    "log_scale": true,
    "equation": "log10(y) = 0.000 * log10(x) + -4.573",
    "power_law": "y = 2.670e-05 * x^0.000"
  },
  "write_factors_binary_file_fasta_multiple_dna_w_rc_disk_space": {
    "slope": 0.8855885827176149,
    "intercept": -4.956317677381947,
    "r_squared": 0.9996820259553705,
    "p_value": 1.0047935238586745e-11,
    "std_err": 0.006447944302837846,
    "log_scale": true,
    "equation": "log10(y) = 0.886 * log10(x) + -4.956",
    "power_law": "y = 1.106e-05 * x^0.886"
  },
  "write_factors_binary_file_fasta_multiple_dna_no_rc_disk_space": {
    "slope": 0.8764966641466216,
    "intercept": -4.881169226155551,
    "r_squared": 0.9995576570188988,
    "p_value": 2.7052007329212948e-11,
    "std_err": 0.007527491736162788,
    "log_scale": true,
    "equation": "log10(y) = 0.876 * log10(x) + -4.881",
    "power_law": "y = 1.315e-05 * x^0.876"
  }
}